{
 "region":{
    "initSources":[
       {
          "initialCamera":{
            "west":145.65364175379182,
            "south":-22.15106845160314,
            "east":-156.55733400327983,
            "north":12.164394494917866
          }
       }
    ]
  },
 "CK":{
    "initSources":[
       {
          "initialCamera":{
            "west":167.67271714411538,
            "south":-29.5317292332988,
            "east":-132.57378253372715,
            "north":3.811434389103733
          }
       }
    ]
  },
 "PF":{
    "initSources":[
       {
          "initialCamera":{
            "west":-179.06461920169278,
            "south":-35.92548947255254,
            "east":-114.42936706339692,
            "north":-2.961851371966698
          }
       }
    ]
  },
 "AS":{
    "initSources":[
       {
          "initialCamera":{
            "west":160.01728528548497,
            "south":-32.28886435964634,
            "east":-138.3529418989841,
            "north":0.9006589052033082
          }
       }
    ]
  },
 "NU":{
    "initSources":[
       {
          "initialCamera":{
            "west":157.54228030120476,
            "south":-38.07820751342535,
            "east":-135.64244954623962,
            "north":-5.236863556746248
          }
       }
    ]
  },
 "TK":{
    "initSources":[
       {
          "initialCamera":{
            "west":159.71675037612584,
            "south":-24.567477819603084,
            "east":-143.4831303372824,
            "north":9.152343049815052
          }
       }
    ]
  },
 "WS":{
    "initSources":[
       {
          "initialCamera":{
            "west":159.71675037612584,
            "south":-24.567477819603084,
            "east":-143.4831303372824,
            "north":9.152343049815052
          }
       }
    ]
  },
 "KI":{
    "initSources":[
       {
          "initialCamera":{
            "west":157.29417362814712,
            "south":-19.726584493336297,
            "east":-147.9127366594025,
            "north":14.110382103684506
          }
       }
    ]
  },
 "WF":{
    "initSources":[
       {
          "initialCamera":{
            "west":149.85978871373896,
            "south":-29.82841848506315,
            "east":-150.32440935389778,
            "north":3.7265512368957543
          }
       }
    ]
  },
 "TO":{
    "initSources":[
       {
          "initialCamera":{
            "west":149.37856973075506,
            "south":-35.23275244717775,
            "east":-146.6373461658173,
            "north":-1.9432927584979962
          }
       }
    ]
  },
 "FJ":{
    "initSources":[
       {
          "initialCamera":{
            "west":156.42958044937012,
            "south":-28.79118523895294,
            "east":-162.21943497963818,
            "north":-4.905238848699824
          }
       }
    ]
  },
 "TV":{
    "initSources":[
       {
          "initialCamera":{
            "west":158.10764259128499,
            "south":-20.165573903391707,
            "east":-163.4152747468924,
            "north":3.813736097973053
          }
       }
    ]
  },
 "VU":{
    "initSources":[
       {
          "initialCamera":{
            "west":143.4333986846538,
            "south":-28.788897183030738,
            "east":-175.19456382897982,
            "north":-4.8906000345700384
          }
       }
    ]
  },
 "NC":{
    "initSources":[
       {
          "initialCamera":{
            "west":138.76211360194475,
            "south":-33.33289199397064,
            "east":-177.77641757831387,
            "north":-9.54613040911251
          }
       }
    ]
  },
 "SB":{
    "initSources":[
       {
          "initialCamera":{
            "west":139.16947229117167,
            "south":-22.478662695909133,
            "east":178.2944411739225,
            "north":1.4882907795910403
          }
       }
    ]
  },
 "NR":{
    "initSources":[
       {
          "initialCamera":{
            "west":151.92322382207317,
            "south":-9.615053138088308,
            "east":178.9387519791206,
            "north":8.204531706624548
          }
       }
    ]
  },
 "MH":{
    "initSources":[
       {
          "initialCamera":{
            "west":142.57028413932022,
            "south":-7.405287537495286,
            "east":-171.14010364135032,
            "north":21.102883184067007
          }
       }
    ]
  },
 "FM":{
    "initSources":[
       {
          "initialCamera":{
            "west":122.52360356809642,
            "south":-11.829097226223661,
            "east":174.80166253208031,
            "north":20.3809237623684
          }
       }
    ]
  },
 "PG":{
    "initSources":[
       {
          "initialCamera":{
            "west":123.25003467272647,
            "south":-21.387761233733027,
            "east":175.89049033261998,
            "north":10.801705276761341
          }
       }
    ]
  },
  "PW":{
    "initSources":[
       {
          "initialCamera":{
            "west":106.41165426537826,
            "south":-10.960114081383061,
            "east":158.98773942619738,
            "north":21.229336245101955
          }
       }
    ]
  },
  "GU":{
    "initSources":[
       {
          "initialCamera":{
            "west":120.50957583316541,
            "south":1.185865948972433,
            "east":165.4564488119366,
            "north":27.43184585070227
          }
       }
    ]
  },
  "MP":{
    "initSources":[
       {
          "initialCamera":{
            "west":120.50957583316541,
            "south":1.185865948972433,
            "east":165.4564488119366,
            "north":27.43184585070227
          }
       }
    ]
  },
  "PN":{
    "initSources":[
       {
          "initialCamera":{
            "west":-147.93027404937246,
            "south":-31.348732039938717,
            "east":-109.51527051005698,
            "north":-14.807177442660361
          }
       }
    ]
  }   
}  
